Model,MAE,RMSE
XGBoost,463.9210016085476,795.2302802393918
Random Forest,460.6852467331762,788.6443210189475
LightGBM,466.3405682612987,791.0010060869741
